<?xml version="1.0" encoding="utf-8"?>
<templates id="template" xml:space="preserve">
    <t t-inherit="web.Menu" t-inherit-mode="extension" owl="1">
        <xpath expr="//nav[hasclass('o_main_navbar')]" position="replace">
            <nav class="o_main_navbar">
                <div class="c_navbar_container">
                    <div class="top_heading d-flex align-items-center">
                        <ul class="o_menu_apps"/>
                        <a class="o_menu_brand" role="button"/>
                        <!-- Current App Sections -->
<!--                        <div class="d-none d-md-block">-->
                            <ul class="o_menu_sections mb-0 pl-4" role="menu"/>
<!--                        </div>-->
                    </div>
                    <div class="d-flex justify-content-between c_responsive_tray">
                        <ul class="o_menu_systray topbar_icon" role="menu"/>
                    </div>
                </div>
            </nav>
        </xpath>
    </t>
    <t t-inherit="web.AppsMenu" t-inherit-mode="extension" owl="1">
        <xpath expr="//li[hasclass('dropdown')]" position="replace">
            <li class="dropdown">
                <a id="triggerSidebar" class="c_sidebar_active" style="display: block; cursor: pointer;">
                    <!--  <i class="fa fa-th-large fa-lg"/> -->
                    <div id="dotsMenuContainer" class="c_dots_menu"/>
                </a>
            </li>
        </xpath>
    </t>

    <t t-inherit="web.UserMenu" t-inherit-mode="extension" owl="1">
        <xpath expr="//span[hasclass('oe_topbar_name')]" position="replace">
            <div class="oe_topbar_name"/>
        </xpath>
    </t>

    <t t-inherit="mail.MessagingMenu" t-inherit-mode="extension" owl="1">
        <xpath expr="//i[hasclass('o_MessagingMenu_icon')]" position="replace">
             <img src="/vista_backend_theme/static/src/img/icons/speech-bubble.png" width="22" height="22" aria-label="Messages"/>
        </xpath>
    </t>

    <t t-inherit="mail.systray.ActivityMenu" t-inherit-mode="extension" owl="1">
        <xpath expr="//i[hasclass('fa-clock-o')]" position="replace">
            <img src="/vista_backend_theme/static/src/img/icons/bell.png" width="22" height="22" aria-label="Activities"/>
        </xpath>
    </t>
</templates>