<?xml version="1.0" encoding="utf-8"?>
<odoo>
    <!--   Record rule for search history   -->
    <record model="ir.rule" id="company_search_rule">
        <field name="name">Company Search Rule</field>
        <field name="model_id" ref="model_master_search"/>
        <field name="domain_force">[('user_id', '=', user.id)]</field>
    </record>

    <!--    Record rules for restrict search access    -->
    <record model="ir.module.category" id="module_master_search">
        <field name="name">Search Rights</field>
        <field name="sequence">11</field>
    </record>

    <record id="master_search_read" model="res.groups">
        <field name="name">Global Search</field>
        <field name="comment">Global Search Group</field>
    </record>
</odoo>
