<?xml version="1.0" encoding="utf-8"?>

<odoo>

    <!-- Ventor Menu Management -->
    <record model="ir.module.category" id="module_category_merp_menu_application">
        <field name="name">Ventor Menu Management</field>
        <field name="sequence">0</field>
        <field name="visible" eval="0"/>
    </record>

    <record id="merp_menu_warehouse_operations" model="res.groups">
        <field name="name">Warehouse Operations Menu</field>
        <field name="category_id" ref="module_category_merp_menu_application"/>
        <field name="users" eval="[(4, ref('base.user_root'))]"/>
    </record>

    <record id="merp_menu_inventory_adjustments" model="res.groups">
        <field name="name">Inventory Adjustments Menu</field>
        <field name="category_id" ref="module_category_merp_menu_application"/>
        <field name="users" eval="[(4, ref('base.user_root'))]"/>
    </record>

    <record id="merp_menu_picking_wave" model="res.groups">
        <field name="name">Batch Picking Menu</field>
        <field name="category_id" ref="module_category_merp_menu_application"/>
        <field name="users" eval="[(4, ref('base.user_root'))]"/>
    </record>

    <record id="merp_menu_instant_inventory" model="res.groups">
        <field name="name">Instant Inventory Menu</field>
        <field name="category_id" ref="module_category_merp_menu_application"/>
        <field name="users" eval="[(4, ref('base.user_root'))]"/>
    </record>

    <record id="merp_menu_instant_move" model="res.groups">
        <field name="name">Internal Transfers Menu</field>
        <field name="category_id" ref="module_category_merp_menu_application"/>
        <field name="users" eval="[(4, ref('base.user_root'))]"/>
    </record>

    <record id="merp_menu_manufacturing" model="res.groups">
        <field name="name">Manufacturing Menu</field>
        <field name="category_id" ref="module_category_merp_menu_application"/>
        <field name="users" eval="[(4, ref('base.user_root'))]"/>
    </record>

    <record id="merp_menu_create_purchase_order" model="res.groups">
        <field name="name">Create Purchase Order Menu</field>
        <field name="category_id" ref="module_category_merp_menu_application"/>
        <field name="users" eval="[(4, ref('base.user_root'))]"/>
    </record>

    <record id="merp_menu_create_sales_order" model="res.groups">
        <field name="name">Create Sales Order Menu</field>
        <field name="category_id" ref="module_category_merp_menu_application"/>
        <field name="users" eval="[(4, ref('base.user_root'))]"/>
    </record>

    <record id="merp_menu_info" model="res.groups">
        <field name="name">Quick Info Menu</field>
        <field name="category_id" ref="module_category_merp_menu_application"/>
        <field name="users" eval="[(4, ref('base.user_root'))]"/>
    </record>

    <record id="merp_package_management" model="res.groups">
        <field name="name">Package Management Menu</field>
        <field name="category_id" ref="module_category_merp_menu_application"/>
        <field name="users" eval="[(4, ref('base.user_root'))]"/>
    </record>

    <record id="merp_external_management" model="res.groups">
        <field name="name">External Transfers Menu</field>
        <field name="category_id" ref="module_category_merp_menu_application"/>
        <field name="users" eval="[(4, ref('base.user_root'))]"/>
    </record>

    <record id="merp_putaway" model="res.groups">
        <field name="name">Putaway Menu</field>
        <field name="category_id" ref="module_category_merp_menu_application"/>
        <field name="users" eval="[(4, ref('base.user_root'))]"/>
    </record>

    <!-- Ventor Access Rights -->
    <record model="ir.module.category" id="module_category_merp_access_application">
        <field name="name">Ventor Access Rights</field>
        <field name="sequence">1</field>
        <field name="visible" eval="0"/>
    </record>

    <record id="merp_menu_allow_update_product_on_hand" model="res.groups">
        <field name="name">Quick Info: Update product on hand</field>
        <field name="category_id" ref="module_category_merp_access_application"/>
        <field name="implied_ids" eval="[(6, 0, [ref('merp_menu_info')])]"/>
        <field name="users" eval="[(4, ref('base.user_root'))]"/>
    </record>

    <record id="merp_menu_allow_changing_settings" model="res.groups">
        <field name="name">Settings: Allow changing settings</field>
        <field name="category_id" ref="module_category_merp_access_application"/>
        <field name="users" eval="[(4, ref('base.user_root'))]"/>
    </record>

    <record id="merp_debug" model="res.groups">
        <field name="name">Debug: Technical Features</field>
        <field name="category_id" ref="module_category_merp_access_application"/>
        <field name="users" eval="[(4, ref('base.user_root'))]"/>
    </record>

    <record id="merp_picking_wave_allow_done" model="res.groups">
        <field name="name">Batch Picking: Close batch picking</field>
        <field name="category_id" ref="module_category_merp_access_application"/>
        <field name="users" eval="[(4, ref('base.user_root'))]"/>
    </record>

    <record id="merp_inventory_allow_ready_state" model="res.groups">
        <field name="name">Inventory Adjustments: Waiting for Validation</field>
        <field name="category_id" ref="module_category_merp_access_application"/>
        <field name="implied_ids" eval="[(6, 0, [ref('merp_menu_inventory_adjustments')])]"/>
        <field name="users" eval="[(4, ref('base.user_root'))]"/>
    </record>

    <record id="merp_allow_applying_all_qty_of_product" model="res.groups">
        <field name="name">Warehouse Operations: Allow applying all qty of product</field>
        <field name="category_id" ref="module_category_merp_access_application"/>
        <field name="users" eval="[(4, ref('base.user_root'))]"/>
    </record>

    <!-- Ventor Roles -->
    <record model="ir.module.category" id="module_category_ventor_roles">
        <field name="name">Ventor Roles</field>
        <field name="sequence">1</field>
    </record>

    <data noupdate="1">

        <record id="ventor_role_wh_worker" model="res.groups">
            <field name="name">Warehouse worker</field>
            <field name="category_id" ref="module_category_ventor_roles"/>
            <field name="implied_ids"
                   eval="[(4, ref('merp_menu_warehouse_operations')),
                   (4, ref('merp_menu_picking_wave'))]"/>
        </record>

        <record id="ventor_role_wh_manager" model="res.groups">
            <field name="name">Warehouse manager</field>
            <field name="category_id" ref="module_category_ventor_roles"/>
            <field name="implied_ids"
                   eval="[(4, ref('ventor_role_wh_worker')),
                   (4, ref('merp_menu_inventory_adjustments')),
                   (4, ref('merp_menu_info')),
                   (4, ref('merp_menu_instant_inventory')),
                   (4, ref('merp_menu_instant_move')),
                   (4, ref('merp_package_management')),
                   (4, ref('merp_external_management')),
                   (4, ref('merp_putaway')),
                   (4, ref('merp_menu_manufacturing')),
                   (4, ref('merp_menu_allow_changing_settings'))]"/>
        </record>

        <record id="ventor_role_admin" model="res.groups">
            <field name="name">Administrator</field>
            <field name="category_id" ref="module_category_ventor_roles"/>
            <field name="implied_ids"
                   eval="[(4, ref('ventor_role_wh_manager')),
                          (4, ref('merp_menu_create_sales_order')),
                          (4, ref('merp_menu_create_purchase_order')),
                          (4, ref('merp_menu_allow_update_product_on_hand')),
                          (4, ref('merp_debug')),
                          (4, ref('merp_picking_wave_allow_done'))]"/>
            <field name="users" eval="[(4, ref('base.user_root')), (4, ref('base.user_admin'))]"/>
        </record>
    </data>

    <!-- Multi Warehouses User Rules Section -->
    <!-- Multi Warehouses: Location -->
    <record id="stock_location_rule_stock_user" model="ir.rule">
        <field name="name">See locations from allowed warehouses</field>
        <field name="model_id" ref="stock.model_stock_location"/>
        <field name="groups" eval="[(4, ref('stock.group_stock_user'))]"/>
        <field name="domain_force">['|', ('warehouse_id','=',False), ('warehouse_id','in',[wh.id for wh in user.allowed_warehouse_ids])]</field>
    </record>

    <record id="stock_location_rule_stock_manager" model="ir.rule">
        <field name="name">See All Location</field>
        <field name="model_id" ref="stock.model_stock_location"/>
        <field name="groups" eval="[(4, ref('stock.group_stock_manager'))]"/>
        <field name="domain_force">[(1,'=',1)]</field>
    </record>

    <!-- Multi Warehouses: Picking Type -->
    <record id="stock_picking_type_rule_stock_user" model="ir.rule">
        <field name="name">See Operation Types from allowed warehouses</field>
        <field name="model_id" ref="ventor_base.model_stock_picking_type"/>
        <field name="groups" eval="[(4, ref('stock.group_stock_user'))]"/>
        <field name="domain_force">['|', ('warehouse_id','=',False), ('warehouse_id','in',[wh.id for wh in user.allowed_warehouse_ids])]</field>
    </record>

    <record id="stock_picking_type_rule_stock_manager" model="ir.rule">
        <field name="name">See all Operation Types</field>
        <field name="model_id" ref="stock.model_stock_picking_type"/>
        <field name="groups" eval="[(4, ref('stock.group_stock_manager'))]"/>
        <field name="domain_force">[(1,'=',1)]</field>
    </record>

    <!-- Multi Warehouses: Scrap Orders -->
    <record model="ir.rule" id="stock_scrap_rule_stock_user">
        <field name="name">See Scrap Orders from allowed warehouses</field>
        <field name="model_id" ref="stock.model_stock_scrap"/>
        <field name="groups" eval="[(4, ref('stock.group_stock_user'))]"/>
        <field name="domain_force">['|', ('location_id.warehouse_id','=',False), ('location_id.warehouse_id','in',[wh.id for wh in user.allowed_warehouse_ids])]</field>
    </record>

    <record model="ir.rule" id="stock_scrap_rule_stock_manager">
        <field name="name">See All Scrap Orders</field>
        <field name="model_id" ref="stock.model_stock_scrap"/>
        <field name="groups" eval="[(4, ref('stock.group_stock_manager'))]"/>
        <field name="domain_force">[(1,'=',1)]</field>
    </record>

    <!-- Multi Warehouses: Reordering Rules -->
    <record model="ir.rule" id="stock_warehouse_orderpoint_rule_stock_user">
        <field name="name">See Reordering Rules from allowed warehouses</field>
        <field name="model_id" ref="stock.model_stock_warehouse_orderpoint"/>
        <field name="groups" eval="[(4, ref('stock.group_stock_user'))]"/>
        <field name="domain_force">['|', ('location_id.warehouse_id','=',False), ('location_id.warehouse_id','in',[wh.id for wh in user.allowed_warehouse_ids])]</field>
    </record>

    <record model="ir.rule" id="stock_warehouse_orderpoint_rule_stock_manager">
        <field name="name">See All Reordering Rules</field>
        <field name="model_id" ref="stock.model_stock_warehouse_orderpoint"/>
        <field name="groups" eval="[(4, ref('stock.group_stock_manager'))]"/>
        <field name="domain_force">[(1,'=',1)]</field>
    </record>

    <!-- Multi Warehouses: Quants -->
    <record model="ir.rule" id="stock_quant_rule_stock_user">
        <field name="name">See Quants from allowed warehouses</field>
        <field name="model_id" ref="stock.model_stock_quant"/>
        <field name="groups" eval="[(4, ref('stock.group_stock_user'))]"/>
        <field name="domain_force">['|', ('location_id.warehouse_id','=',False), ('location_id.warehouse_id','in',[wh.id for wh in user.allowed_warehouse_ids])]</field>
    </record>

    <record model="ir.rule" id="stock_quant_rule_stock_manager">
        <field name="name">See all Stock Quants</field>
        <field name="model_id" ref="stock.model_stock_quant"/>
        <field name="groups" eval="[(4, ref('stock.group_stock_manager'))]"/>
        <field name="domain_force">[(1,'=',1)]</field>
    </record>

    <!-- Multi Warehouses: Warehouses -->
    <record model="ir.rule" id="stock_warehouse_rule_stock_user">
        <field name="name">See Warehouses from allowed warehouses</field>
        <field name="model_id" ref="stock.model_stock_warehouse"/>
        <field name="groups" eval="[(4, ref('stock.group_stock_user'))]"/>
        <field name="domain_force">['|', ('id','=',False), ('id','in',[wh.id for wh in user.allowed_warehouse_ids])]</field>
    </record>

    <record model="ir.rule" id="stock_warehouse_rule_stock_manager">
        <field name="name">See all Warehouses</field>
        <field name="model_id" ref="stock.model_stock_warehouse"/>
        <field name="groups" eval="[(4, ref('stock.group_stock_manager'))]"/>
        <field name="domain_force">[(1,'=',1)]</field>
    </record>

    <!-- Multi Warehouses: Stock Pickings -->
    <record model="ir.rule" id="stock_picking_rule_stock_user">
        <field name="name">See Stock Pickings from allowed warehouses</field>
        <field name="model_id" ref="stock.model_stock_picking"/>
        <field name="groups" eval="[(4, ref('stock.group_stock_user'))]"/>
        <field name="domain_force">[
                    '&amp;',
                        '|','|',
                            ('location_id', '=', False),
                            ('location_id.warehouse_id', '=', False),
                            ('location_id.warehouse_id','in',[wh.id for wh in user.allowed_warehouse_ids]),
                        '|','|',
                            ('location_dest_id', '=', False),
                            ('location_dest_id.warehouse_id', '=', False),
                            ('location_dest_id.warehouse_id','in',[wh.id for wh in user.allowed_warehouse_ids]),
            ]</field>
    </record>

    <record model="ir.rule" id="stock_picking_rule_stock_manager">
        <field name="name">See all Stock Pickings</field>
        <field name="model_id" ref="stock.model_stock_picking"/>
        <field name="groups" eval="[(4, ref('stock.group_stock_manager'))]"/>
        <field name="domain_force">[(1,'=',1)]</field>
    </record>

    <!-- See Picking Batches from allowed Warehouses -->
    <record model="ir.rule" id="stock_picking_batch_rule_stock_user">
        <field name="name">See Picking Batches from allowed warehouses</field>
        <field name="model_id" ref="stock_picking_batch.model_stock_picking_batch"/>
        <field name="groups" eval="[(4, ref('stock.group_stock_user'))]"/>
        <field name="domain_force">['|', ('picking_type_id','=',False), ('picking_type_id.warehouse_id','in',[wh.id for wh in user.allowed_warehouse_ids])]</field>
    </record>

    <record model="ir.rule" id="stock_picking_batch_rule_stock_manager">
        <field name="name">See all Picking Batches</field>
        <field name="model_id" ref="stock_picking_batch.model_stock_picking_batch"/>
        <field name="groups" eval="[(4, ref('stock.group_stock_manager'))]"/>
        <field name="domain_force">[(1,'=',1)]</field>
    </record>

    <!-- TO FIX: In Odoo Standard for some reason there are no multi-company rules for picking batches -->
    <record model="ir.rule" id="stock_picking_batch_rule">
        <field name="name">stock_picking_batch multi-company</field>
        <field name="model_id" search="[('model','=','stock.picking.batch')]" model="ir.model"/>
        <field name="domain_force">[('company_id', 'in', company_ids)]</field>
    </record>
    <!-- END of FIX-->

    <!-- Multi Warehouses: Stock Move -->
    <record model="ir.rule" id="stock_move_rule_stock_user">
        <field name="name">See Stock Moves from allowed warehouses</field>
        <field name="model_id" ref="stock.model_stock_move"/>
        <field name="groups" eval="[(4, ref('stock.group_stock_user'))]"/>
        <field name="domain_force">[
                '&amp;',
                    '|',
                        ('location_id.warehouse_id', '=', False),
                        ('location_id.warehouse_id','in',[wh.id for wh in user.allowed_warehouse_ids]),
                    '|',
                        ('location_dest_id.warehouse_id', '=', False),
                        ('location_dest_id.warehouse_id','in',[wh.id for wh in user.allowed_warehouse_ids]),
            ]</field>
    </record>

    <record model="ir.rule" id="stock_move_rule_stock_manager">
        <field name="name">See all Stock Moves</field>
        <field name="model_id" ref="stock.model_stock_move"/>
        <field name="groups" eval="[(4, ref('stock.group_stock_manager'))]"/>
        <field name="domain_force">[(1,'=',1)]</field>
    </record>

    <!-- Multi Warehouses: Stock Move -->
    <record model="ir.rule" id="stock_move_line_rule_stock_user">
        <field name="name">See Stock Move Lines from allowed warehouses</field>
        <field name="model_id" ref="stock.model_stock_move_line"/>
        <field name="groups" eval="[(4, ref('stock.group_stock_user'))]"/>
        <field name="domain_force">[
                '&amp;',
                    '|',
                        ('location_id.warehouse_id', '=', False),
                        ('location_id.warehouse_id','in',[wh.id for wh in user.allowed_warehouse_ids]),
                    '|',
                        ('location_dest_id.warehouse_id', '=', False),
                        ('location_dest_id.warehouse_id','in',[wh.id for wh in user.allowed_warehouse_ids]),
            ]</field>
    </record>

    <record model="ir.rule" id="stock_move_line_rule_stock_manager">
        <field name="name">See all Stock Move Lines</field>
        <field name="model_id" ref="stock.model_stock_move_line"/>
        <field name="groups" eval="[(4, ref('stock.group_stock_manager'))]"/>
        <field name="domain_force">[(1,'=',1)]</field>
    </record>
</odoo>
